{"generation": 0, "fitness_avg": -0.534910203840894, "fitness_std": 0.4026615998628093, "fitness_best": 0.42810195684432983, "fitness_best_val": 0.42810195684432983, "n_neurons_best": 2, "n_conns_best": 22, "pop_size": 300, "n_species": 1, "time_elapsed": 441.93456053733826, "time_elapsed_avg": 441.93456053733826, "n_extinctions": 0}
{"generation": 1, "fitness_avg": -0.3781554041163569, "fitness_std": 0.38407217446213215, "fitness_best": 0.7259317636489868, "fitness_best_val": 0.7259317636489868, "n_neurons_best": 3, "n_conns_best": 22, "pop_size": 300, "n_species": 1, "time_elapsed": 459.0095760822296, "time_elapsed_avg": 450.47206830978394, "n_extinctions": 0}
{"generation": 2, "fitness_avg": -0.31702649215546747, "fitness_std": 0.4340102219335651, "fitness_best": 0.9627279043197632, "fitness_best_val": 0.9627279043197632, "n_neurons_best": 3, "n_conns_best": 22, "pop_size": 300, "n_species": 1, "time_elapsed": 461.19043803215027, "time_elapsed_avg": 454.0448582172394, "n_extinctions": 0}
{"generation": 3, "fitness_avg": -0.20744089177266384, "fitness_std": 0.47346188044712684, "fitness_best": 1.0017626285552979, "fitness_best_val": 1.0017626285552979, "n_neurons_best": 3, "n_conns_best": 22, "pop_size": 300, "n_species": 1, "time_elapsed": 464.729779958725, "time_elapsed_avg": 456.7160886526108, "n_extinctions": 0}
{"generation": 4, "fitness_avg": -0.09887228951789438, "fitness_std": 0.5017912861352912, "fitness_best": 1.0064083337783813, "fitness_best_val": 1.0064083337783813, "n_neurons_best": 3, "n_conns_best": 21, "pop_size": 300, "n_species": 1, "time_elapsed": 465.8412346839905, "time_elapsed_avg": 458.5411178588867, "n_extinctions": 0}
{"generation": 5, "fitness_avg": -0.011066891624747464, "fitness_std": 0.5314191381908786, "fitness_best": 1.180872917175293, "fitness_best_val": 1.180872917175293, "n_neurons_best": 2, "n_conns_best": 22, "pop_size": 300, "n_species": 1, "time_elapsed": 469.925518989563, "time_elapsed_avg": 460.43851804733276, "n_extinctions": 0}
{"generation": 6, "fitness_avg": 0.16708075265710554, "fitness_std": 0.5002868149408943, "fitness_best": 1.3056002855300903, "fitness_best_val": 1.3056002855300903, "n_neurons_best": 2, "n_conns_best": 22, "pop_size": 300, "n_species": 1, "time_elapsed": 464.9275987148285, "time_elapsed_avg": 461.07981528554643, "n_extinctions": 0}
{"generation": 7, "fitness_avg": 0.32524426707085996, "fitness_std": 0.47089924848885173, "fitness_best": 1.1529109477996826, "fitness_best_val": 1.1529109477996826, "n_neurons_best": 4, "n_conns_best": 17, "pop_size": 300, "n_species": 1, "time_elapsed": 465.4535405635834, "time_elapsed_avg": 461.62653094530106, "n_extinctions": 0}
{"generation": 8, "fitness_avg": 0.3159769349715983, "fitness_std": 0.5094039005295843, "fitness_best": 1.2221629619598389, "fitness_best_val": 1.2221629619598389, "n_neurons_best": 4, "n_conns_best": 19, "pop_size": 300, "n_species": 1, "time_elapsed": 466.1855118274689, "time_elapsed_avg": 462.133084376653, "n_extinctions": 0}
{"generation": 9, "fitness_avg": 0.2814876836561598, "fitness_std": 0.5336889527807094, "fitness_best": 1.3196210861206055, "fitness_best_val": 1.3196210861206055, "n_neurons_best": 2, "n_conns_best": 15, "pop_size": 300, "n_species": 1, "time_elapsed": 473.0147020816803, "time_elapsed_avg": 463.22124614715574, "n_extinctions": 0}
{"generation": 10, "fitness_avg": 0.3757194997703967, "fitness_std": 0.5614702630045206, "fitness_best": 1.480305790901184, "fitness_best_val": 1.480305790901184, "n_neurons_best": 4, "n_conns_best": 20, "pop_size": 300, "n_species": 1, "time_elapsed": 467.7834496498108, "time_elapsed_avg": 465.806135058403, "n_extinctions": 0}
{"generation": 11, "fitness_avg": 0.42017885534403226, "fitness_std": 0.5088062932291665, "fitness_best": 1.5259870290756226, "fitness_best_val": 1.5259870290756226, "n_neurons_best": 5, "n_conns_best": 25, "pop_size": 300, "n_species": 1, "time_elapsed": 474.81217193603516, "time_elapsed_avg": 467.38639464378355, "n_extinctions": 0}
{"generation": 12, "fitness_avg": 0.42575612970317406, "fitness_std": 0.5649515821571085, "fitness_best": 1.479100227355957, "fitness_best_val": 1.479100227355957, "n_neurons_best": 4, "n_conns_best": 19, "pop_size": 300, "n_species": 1, "time_elapsed": 477.22097158432007, "time_elapsed_avg": 468.98944799900056, "n_extinctions": 0}
{"generation": 13, "fitness_avg": 0.4331604054236474, "fitness_std": 0.5440014230932594, "fitness_best": 1.563785433769226, "fitness_best_val": 1.563785433769226, "n_neurons_best": 4, "n_conns_best": 17, "pop_size": 300, "n_species": 1, "time_elapsed": 472.0266480445862, "time_elapsed_avg": 469.71913480758667, "n_extinctions": 0}
{"generation": 14, "fitness_avg": 0.48512177780270577, "fitness_std": 0.5440047066882472, "fitness_best": 1.5318835973739624, "fitness_best_val": 1.5318835973739624, "n_neurons_best": 5, "n_conns_best": 19, "pop_size": 300, "n_species": 1, "time_elapsed": 474.9734990596771, "time_elapsed_avg": 470.6323612451553, "n_extinctions": 0}
{"generation": 15, "fitness_avg": 0.4702257451787591, "fitness_std": 0.568702738804776, "fitness_best": 1.556288480758667, "fitness_best_val": 1.556288480758667, "n_neurons_best": 5, "n_conns_best": 17, "pop_size": 300, "n_species": 1, "time_elapsed": 475.551784992218, "time_elapsed_avg": 471.1949878454208, "n_extinctions": 0}
{"generation": 16, "fitness_avg": 0.5964775692948023, "fitness_std": 0.5340283296670533, "fitness_best": 1.5707980394363403, "fitness_best_val": 1.5707980394363403, "n_neurons_best": 8, "n_conns_best": 27, "pop_size": 300, "n_species": 1, "time_elapsed": 474.28905606269836, "time_elapsed_avg": 472.1311335802078, "n_extinctions": 0}
{"generation": 17, "fitness_avg": 0.5338487642724067, "fitness_std": 0.5912631603014764, "fitness_best": 1.5825940370559692, "fitness_best_val": 1.5825940370559692, "n_neurons_best": 5, "n_conns_best": 19, "pop_size": 300, "n_species": 1, "time_elapsed": 475.9257302284241, "time_elapsed_avg": 473.1783525466919, "n_extinctions": 0}
{"generation": 18, "fitness_avg": 0.6338134339141349, "fitness_std": 0.6042068036980611, "fitness_best": 1.7803457975387573, "fitness_best_val": 1.7803457975387573, "n_neurons_best": 5, "n_conns_best": 15, "pop_size": 300, "n_species": 4, "time_elapsed": 477.4399719238281, "time_elapsed_avg": 474.3037985563278, "n_extinctions": 0}
{"generation": 19, "fitness_avg": 0.6807935364858713, "fitness_std": 0.5504636449399967, "fitness_best": 1.7834970951080322, "fitness_best_val": 1.7834970951080322, "n_neurons_best": 4, "n_conns_best": 14, "pop_size": 300, "n_species": 5, "time_elapsed": 475.9574615955353, "time_elapsed_avg": 474.5980745077133, "n_extinctions": 0}
{"generation": 20, "fitness_avg": 0.7591194131522188, "fitness_std": 0.57479739283951, "fitness_best": 1.7502424716949463, "fitness_best_val": 1.7502424716949463, "n_neurons_best": 6, "n_conns_best": 19, "pop_size": 299, "n_species": 5, "time_elapsed": 469.9094567298889, "time_elapsed_avg": 474.8106752157211, "n_extinctions": 0}
{"generation": 21, "fitness_avg": 0.8333582331200573, "fitness_std": 0.5348082417553116, "fitness_best": 1.8019310235977173, "fitness_best_val": 1.8019310235977173, "n_neurons_best": 4, "n_conns_best": 14, "pop_size": 301, "n_species": 5, "time_elapsed": 783.856595993042, "time_elapsed_avg": 505.7151176214218, "n_extinctions": 0}
{"generation": 22, "fitness_avg": 0.7758991052868445, "fitness_std": 0.6480514946792675, "fitness_best": 1.6960722208023071, "fitness_best_val": 1.6960722208023071, "n_neurons_best": 6, "n_conns_best": 19, "pop_size": 301, "n_species": 5, "time_elapsed": 742.577009677887, "time_elapsed_avg": 532.2507214307785, "n_extinctions": 0}
{"generation": 23, "fitness_avg": 0.7981345049408265, "fitness_std": 0.5966329255301002, "fitness_best": 1.7593624591827393, "fitness_best_val": 1.7593624591827393, "n_neurons_best": 4, "n_conns_best": 14, "pop_size": 300, "n_species": 5, "time_elapsed": 472.4260091781616, "time_elapsed_avg": 532.290657544136,