{"generation": 0, "fitness_avg": -0.02210148674498664, "fitness_std": 0.2727505866526778, "fitness_best": 1.811014021991923, "fitness_best_val": 1.811014021991923, "n_neurons_best": 2, "n_conns_best": 24, "pop_size": 300, "n_species": 1, "time_elapsed": 21.640340328216553, "time_elapsed_avg": 21.640340328216553, "n_extinctions": 0}
{"generation": 1, "fitness_avg": -0.15211187487934952, "fitness_std": 0.6798760836411789, "fitness_best": 1.8900551600104336, "fitness_best_val": 1.8900551600104336, "n_neurons_best": 2, "n_conns_best": 23, "pop_size": 300, "n_species": 1, "time_elapsed": 22.836647748947144, "time_elapsed_avg": 22.238494038581848, "n_extinctions": 0}
{"generation": 2, "fitness_avg": -0.032828956882555785, "fitness_std": 0.40920676424680885, "fitness_best": 1.524268724878148, "fitness_best_val": 1.524268724878148, "n_neurons_best": 4, "n_conns_best": 25, "pop_size": 300, "n_species": 1, "time_elapsed": 22.72472643852234, "time_elapsed_avg": 22.40057150522868, "n_extinctions": 0}
{"generation": 3, "fitness_avg": -0.0712523510286276, "fitness_std": 0.508552404637479, "fitness_best": 3.414571526570853, "fitness_best_val": 3.414571526570853, "n_neurons_best": 2, "n_conns_best": 21, "pop_size": 300, "n_species": 1, "time_elapsed": 23.56253933906555, "time_elapsed_avg": 22.691063463687897, "n_extinctions": 0}
{"generation": 4, "fitness_avg": -0.045948871526273936, "fitness_std": 0.45849298136260164, "fitness_best": 1.8039863977132882, "fitness_best_val": 1.8039863977132882, "n_neurons_best": 2, "n_conns_best": 20, "pop_size": 300, "n_species": 1, "time_elapsed": 23.7277774810791, "time_elapsed_avg": 23.7277774810791, "n_extinctions": 0}
{"generation": 5, "fitness_avg": -0.01757222418352813, "fitness_std": 0.5520764532545406, "fitness_best": 3.312600939771073, "fitness_best_val": 3.312600939771073, "n_neurons_best": 4, "n_conns_best": 27, "pop_size": 284, "n_species": 1, "time_elapsed": 22.843698024749756, "time_elapsed_avg": 22.843698024749756, "n_extinctions": 0}
{"generation": 6, "fitness_avg": -0.06530474576794196, "fitness_std": 0.7140214846908648, "fitness_best": 3.2474895853438284, "fitness_best_val": 3.2474895853438284, "n_neurons_best": 4, "n_conns_best": 21, "pop_size": 282, "n_species": 1, "time_elapsed": 30.23682975769043, "time_elapsed_avg": 30.23682975769043, "n_extinctions": 0}
{"generation": 7, "fitness_avg": -0.025881091297508745, "fitness_std": 0.6766893589577072, "fitness_best": 2.437345506658289, "fitness_best_val": 2.437345506658289, "n_neurons_best": 5, "n_conns_best": 22, "pop_size": 299, "n_species": 1, "time_elapsed": 31.468626976013184, "time_elapsed_avg": 30.852728366851807, "n_extinctions": 0}
{"generation": 8, "fitness_avg": 0.015940365401293583, "fitness_std": 0.6715591845427378, "fitness_best": 3.024563751918322, "fitness_best_val": 3.024563751918322, "n_neurons_best": 5, "n_conns_best": 23, "pop_size": 297, "n_species": 1, "time_elapsed": 31.825781106948853, "time_elapsed_avg": 31.825781106948853, "n_extinctions": 0}
{"generation": 9, "fitness_avg": -0.05293689991402025, "fitness_std": 0.9858014315280296, "fitness_best": 3.4149909236209055, "fitness_best_val": 3.4149909236209055, "n_neurons_best": 4, "n_conns_best": 26, "pop_size": 292, "n_species": 1, "time_elapsed": 34.177881956100464, "time_elapsed_avg": 33.00183153152466, "n_extinctions": 0}
{"generation": 10, "fitness_avg": -0.12404260317404373, "fitness_std": 1.0400288565176732, "fitness_best": 3.3322766100009176, "fitness_best_val": 3.3322766100009176, "n_neurons_best": 6, "n_conns_best": 22, "pop_size": 300, "n_species": 1, "time_elapsed": 32.9367573261261, "time_elapsed_avg": 32.980140129725136, "n_extinctions": 0}
{"generation": 11, "fitness_avg": 0.012722745171739346, "fitness_std": 0.8952895885320369, "fitness_best": 3.1348440154172295, "fitness_best_val": 3.1348440154172295, "n_neurons_best": 7, "n_conns_best": 23, "pop_size": 299, "n_species": 2, "time_elapsed": 33.50380492210388, "time_elapsed_avg": 33.111056327819824, "n_extinctions": 0}
{"generation": 12, "fitness_avg": 0.11637615297692787, "fitness_std": 0.8800198684870373, "fitness_best": 3.426269147151473, "fitness_best_val": 3.426269147151473, "n_neurons_best": 6, "n_conns_best": 26, "pop_size": 300, "n_species": 3, "time_elapsed": 34.47016787528992, "time_elapsed_avg": 33.382878637313844, "n_extinctions": 0}
{"generation": 13, "fitness_avg": 0.2605663447475034, "fitness_std": 1.2882961018672643, "fitness_best": 5.180642399672024, "fitness_best_val": 5.180642399672024, "n_neurons_best": 4, "n_conns_best": 18, "pop_size": 301, "n_species": 3, "time_elapsed": 27.061203241348267, "time_elapsed_avg": 27.061203241348267, "n_extinctions": 0}
{"generation": 14, "fitness_avg": 0.42150975398086493, "fitness_std": 1.1123975127946422, "fitness_best": 5.766461716117192, "fitness_best_val": 5.766461716117192, "n_neurons_best": 6, "n_conns_best": 25, "pop_size": 300, "n_species": 3, "time_elapsed": 31.589325428009033, "time_elapsed_avg": 29.32526433467865, "n_extinctions": 0}
{"generation": 15, "fitness_avg": 0.549961434107253, "fitness_std": 1.2219417144697378, "fitness_best": 5.537596437972752, "fitness_best_val": 5.537596437972752, "n_neurons_best": 9, "n_conns_best": 30, "pop_size": 282, "n_species": 4, "time_elapsed": 32.82099485397339, "time_elapsed_avg": 32.82099485397339, "n_extinctions": 0}
{"generation": 16, "fitness_avg": 0.6132953881131613, "fitness_std": 1.4147999628562509, "fitness_best": 7.180241991989533, "fitness_best_val": 7.180241991989533, "n_neurons_best": 6, "n_conns_best": 25, "pop_size": 282, "n_species": 4, "time_elapsed": 31.644336700439453, "time_elapsed_avg": 32.23266577720642, "n_extinctions": 0}
{"generation": 17, "fitness_avg": 0.6521272454881148, "fitness_std": 1.702809891598946, "fitness_best": 6.037643090307938, "fitness_best_val": 6.037643090307938, "n_neurons_best": 7, "n_conns_best": 25, "pop_size": 296, "n_species": 4, "time_elapsed": 32.67875075340271, "time_elapsed_avg": 32.38136076927185, "n_extinctions": 0}
{"generation": 18, "fitness_avg": 0.8925115179876021, "fitness_std": 1.538465522016056, "fitness_best": 8.466894118374057, "fitness_best_val": 8.466894118374057, "n_neurons_best": 8, "n_conns_best": 27, "pop_size": 299, "n_species": 4, "time_elapsed": 32.854331970214844, "time_elapsed_avg": 32.4996035695076, "n_extinctions": 0}
{"generation": 19, "fitness_avg": 1.1707123370110284, "fitness_std": 1.7384912746200336, "fitness_best": 11.271033128141426, "fitness_best_val": 11.271033128141426, "n_neurons_best": 8, "n_conns_best": 27, "pop_size": 294, "n_species": 4, "time_elapsed": 41.52912425994873, "time_elapsed_avg": 41.52912425994873, "n_extinctions": 0}
{"generation": 20, "fitness_avg": 1.2337108215914614, "fitness_std": 1.9502745556015257, "fitness_best": 10.15325504618886, "fitness_best_val": 10.15325504618886, "n_neurons_best": 10, "n_conns_best": 31, "pop_size": 287, "n_species": 4, "time_elapsed": 41.58426475524902, "time_elapsed_avg": 41.55669450759888, "n_extinctions": 0}
{"generation": 21, "fitness_avg": 1.4440455228415343, "fitness_std": 2.3993209321037194, "fitness_best": 11.271033128141426, "fitness_best_val": 11.271033128141426, "n_neurons_best": 8, "n_conns_best": 27, "pop_size": 291, "n_species": 4, "time_elapsed": 41.263972997665405, "time_elapsed_avg": 41.459120670954384, "n_extinctions": 0}
{"generation": 22, "fitness_avg": 1.6293449916766194, "fitness_std": 2.2671105026816254, "fitness_best": 10.24116375145968, "fitness_best_val": 10.24116375145968, "n_neurons_best": 10, "n_conns_best": 31, "pop_size": 292, "n_species": 4, "time_elapsed": 42.351205587387085, "time_elapsed_avg": 41.68214190006256, "n_extinctions": 0}
{"generation": 23, "fitness_avg": 1.6424307158515206, "fitness_std": 2.562102535845793, "fitness_best": 11.272985837655142, "fitness_best_val": 11.272985837655142, "n_neurons_best": 9, "n_conns_best": 26, "pop_size": 299, "n_species": 5, "time_elapsed": 42.879191398620605, "time_elapsed_avg": 41.92155179977417,