{"generation": 0, "fitness_avg": -31.325800456603368, "fitness_std": 12.457212811338566, "fitness_best": -1.1676143407821655, "fitness_best_val": -1.1676143407821655, "n_neurons_best": 2, "n_conns_best": 38, "pop_size": 300, "n_species": 1, "time_elapsed": 28.14688515663147, "time_elapsed_avg": 28.14688515663147, "n_extinctions": 0}
{"generation": 1, "fitness_avg": -23.858510495821633, "fitness_std": 13.14094982584715, "fitness_best": -1.0188024044036865, "fitness_best_val": -1.0188024044036865, "n_neurons_best": 2, "n_conns_best": 38, "pop_size": 300, "n_species": 1, "time_elapsed": 38.631654262542725, "time_elapsed_avg": 33.3892697095871, "n_extinctions": 0}
{"generation": 2, "fitness_avg": -21.116990292469662, "fitness_std": 13.375455820678825, "fitness_best": -1.2071764469146729, "fitness_best_val": -1.2071764469146729, "n_neurons_best": 2, "n_conns_best": 38, "pop_size": 300, "n_species": 1, "time_elapsed": 41.79576754570007, "time_elapsed_avg": 36.19143565495809, "n_extinctions": 0}
{"generation": 3, "fitness_avg": -18.0238244240731, "fitness_std": 12.645765077891106, "fitness_best": 0.13537994027137756, "fitness_best_val": 0.13537994027137756, "n_neurons_best": 3, "n_conns_best": 36, "pop_size": 300, "n_species": 1, "time_elapsed": 53.178302526474, "time_elapsed_avg": 40.43815237283707, "n_extinctions": 0}
{"generation": 4, "fitness_avg": -14.828008940344056, "fitness_std": 12.372540086168796, "fitness_best": 0.5101121068000793, "fitness_best_val": 0.5101121068000793, "n_neurons_best": 3, "n_conns_best": 35, "pop_size": 300, "n_species": 1, "time_elapsed": 58.255743741989136, "time_elapsed_avg": 44.00167064666748, "n_extinctions": 0}
{"generation": 5, "fitness_avg": -11.965901213561494, "fitness_std": 12.415955927036286, "fitness_best": 0.4044102430343628, "fitness_best_val": 0.4044102430343628, "n_neurons_best": 5, "n_conns_best": 41, "pop_size": 300, "n_species": 1, "time_elapsed": 51.60505294799805, "time_elapsed_avg": 45.26890103022257, "n_extinctions": 0}
{"generation": 6, "fitness_avg": -10.7580354804794, "fitness_std": 11.933771463286368, "fitness_best": 2.0525500774383545, "fitness_best_val": 2.0525500774383545, "n_neurons_best": 8, "n_conns_best": 45, "pop_size": 300, "n_species": 1, "time_elapsed": 54.33745193481445, "time_elapsed_avg": 46.56440830230713, "n_extinctions": 0}
{"generation": 7, "fitness_avg": -7.333459878568537, "fitness_std": 10.320030899652751, "fitness_best": 2.2566444873809814, "fitness_best_val": 2.2566444873809814, "n_neurons_best": 8, "n_conns_best": 45, "pop_size": 300, "n_species": 1, "time_elapsed": 62.9900381565094, "time_elapsed_avg": 48.61761203408241, "n_extinctions": 0}
{"generation": 8, "fitness_avg": -7.240775688847061, "fitness_std": 10.38524825064691, "fitness_best": 2.2193472385406494, "fitness_best_val": 2.2193472385406494, "n_neurons_best": 8, "n_conns_best": 45, "pop_size": 300, "n_species": 1, "time_elapsed": 54.53246188163757, "time_elapsed_avg": 49.274817572699654, "n_extinctions": 0}
{"generation": 9, "fitness_avg": -6.532804224813978, "fitness_std": 10.600977858416174, "fitness_best": 2.2187132835388184, "fitness_best_val": 2.2187132835388184, "n_neurons_best": 3, "n_conns_best": 30, "pop_size": 300, "n_species": 1, "time_elapsed": 49.33194136619568, "time_elapsed_avg": 49.28052995204926, "n_extinctions": 0}
{"generation": 10, "fitness_avg": -6.121737655379499, "fitness_std": 10.364741507815223, "fitness_best": 2.3842434883117676, "fitness_best_val": 2.3842434883117676, "n_neurons_best": 4, "n_conns_best": 28, "pop_size": 300, "n_species": 1, "time_elapsed": 48.06178545951843, "time_elapsed_avg": 51.27201998233795, "n_extinctions": 0}
{"generation": 11, "fitness_avg": -6.198231046246365, "fitness_std": 11.065146286780571, "fitness_best": 2.2883384227752686, "fitness_best_val": 2.2883384227752686, "n_neurons_best": 5, "n_conns_best": 31, "pop_size": 300, "n_species": 1, "time_elapsed": 48.38140654563904, "time_elapsed_avg": 52.24699521064758, "n_extinctions": 0}
{"generation": 12, "fitness_avg": -5.227927314098924, "fitness_std": 9.652670719746045, "fitness_best": 2.2703564167022705, "fitness_best_val": 2.2703564167022705, "n_neurons_best": 4, "n_conns_best": 33, "pop_size": 300, "n_species": 1, "time_elapsed": 50.75974655151367, "time_elapsed_avg": 53.143393111228946, "n_extinctions": 0}
{"generation": 13, "fitness_avg": -5.847086682228061, "fitness_std": 11.031044654738746, "fitness_best": 2.4366261959075928, "fitness_best_val": 2.4366261959075928, "n_neurons_best": 6, "n_conns_best": 30, "pop_size": 300, "n_species": 1, "time_elapsed": 51.1698215007782, "time_elapsed_avg": 52.942545008659366, "n_extinctions": 0}
{"generation": 14, "fitness_avg": -4.897057728793783, "fitness_std": 10.171882613479656, "fitness_best": 2.7756786346435547, "fitness_best_val": 2.7756786346435547, "n_neurons_best": 4, "n_conns_best": 33, "pop_size": 300, "n_species": 1, "time_elapsed": 51.946372509002686, "time_elapsed_avg": 52.311607885360715, "n_extinctions": 0}
{"generation": 15, "fitness_avg": -4.549044380566726, "fitness_std": 9.832384511575553, "fitness_best": 2.5126407146453857, "fitness_best_val": 2.5126407146453857, "n_neurons_best": 7, "n_conns_best": 27, "pop_size": 300, "n_species": 1, "time_elapsed": 52.270864486694336, "time_elapsed_avg": 52.37818903923035, "n_extinctions": 0}
{"generation": 16, "fitness_avg": -4.971094870256881, "fitness_std": 10.079152583926602, "fitness_best": 2.6750190258026123, "fitness_best_val": 2.6750190258026123, "n_neurons_best": 2, "n_conns_best": 28, "pop_size": 300, "n_species": 1, "time_elapsed": 51.85939335823059, "time_elapsed_avg": 52.13038318157196, "n_extinctions": 0}
{"generation": 17, "fitness_avg": -4.6004805990962385, "fitness_std": 9.964254821295375, "fitness_best": 2.5760059356689453, "fitness_best_val": 2.5760059356689453, "n_neurons_best": 4, "n_conns_best": 33, "pop_size": 300, "n_species": 1, "time_elapsed": 51.99359202384949, "time_elapsed_avg": 51.03073856830597, "n_extinctions": 0}
{"generation": 18, "fitness_avg": -4.616843539960683, "fitness_std": 10.177852591235833, "fitness_best": 2.910998582839966, "fitness_best_val": 2.910998582839966, "n_neurons_best": 6, "n_conns_best": 29, "pop_size": 300, "n_species": 1, "time_elapsed": 52.41554546356201, "time_elapsed_avg": 50.819046926498416, "n_extinctions": 0}
{"generation": 19, "fitness_avg": -4.002378170927259, "fitness_std": 9.794755757676901, "fitness_best": 2.5890860557556152, "fitness_best_val": 2.5890860557556152, "n_neurons_best": 4, "n_conns_best": 28, "pop_size": 300, "n_species": 1, "time_elapsed": 52.67910885810852, "time_elapsed_avg": 51.153763675689696, "n_extinctions": 0}
{"generation": 20, "fitness_avg": -3.8815028085241403, "fitness_std": 9.692079685137623, "fitness_best": 3.2459864616394043, "fitness_best_val": 3.2459864616394043, "n_neurons_best": 5, "n_conns_best": 27, "pop_size": 300, "n_species": 1, "time_elapsed": 53.61906576156616, "time_elapsed_avg": 51.70949170589447, "n_extinctions": 0}
{"generation": 21, "fitness_avg": -3.7986903184217713, "fitness_std": 9.408724412405896, "fitness_best": 3.0628583431243896, "fitness_best_val": 3.0628583431243896, "n_neurons_best": 5, "n_conns_best": 27, "pop_size": 300, "n_species": 1, "time_elapsed": 54.32246708869934, "time_elapsed_avg": 52.3035977602005, "n_extinctions": 0}
{"generation": 22, "fitness_avg": -3.0455598473688585, "fitness_std": 8.689617351972421, "fitness_best": 3.074418067932129, "fitness_best_val": 3.074418067932129, "n_neurons_best": 5, "n_conns_best": 30, "pop_size": 300, "n_species": 1, "time_elapsed": 54.415903091430664, "time_elapsed_avg": 52.6692134141922, "n_extinctions": 0}
{"generation": 23, "fitness_avg": -4.375869208468745, "fitness_std": 10.085771675104883, "fitness_best": 3.344120502471924, "fitness_best_val": 3.344120502471924, "n_neurons_best": 6, "n_conns_best": 29, "pop_size": 300, "n_species": 1, "time_elapsed": 52.08040952682495, "time_elapsed_avg": 52.76027221679688,