{"generation": 0, "fitness_avg": -63.65109677155812, "fitness_std": 22.75065320096998, "fitness_best": -5.161087512969971, "fitness_best_val": -5.161087512969971, "n_neurons_best": 2, "n_conns_best": 38, "pop_size": 300, "n_species": 1, "time_elapsed": 65.2302622795105, "time_elapsed_avg": 65.2302622795105, "n_extinctions": 0}
{"generation": 1, "fitness_avg": -48.83130223194758, "fitness_std": 26.304997794947024, "fitness_best": -2.264981746673584, "fitness_best_val": -2.264981746673584, "n_neurons_best": 2, "n_conns_best": 37, "pop_size": 300, "n_species": 1, "time_elapsed": 88.49123358726501, "time_elapsed_avg": 76.86074793338776, "n_extinctions": 0}
{"generation": 2, "fitness_avg": -40.452272188663486, "fitness_std": 26.02709875842782, "fitness_best": -3.0748159885406494, "fitness_best_val": -3.0748159885406494, "n_neurons_best": 2, "n_conns_best": 38, "pop_size": 300, "n_species": 1, "time_elapsed": 93.97072958946228, "time_elapsed_avg": 82.56407515207927, "n_extinctions": 0}
{"generation": 3, "fitness_avg": -39.69621600786845, "fitness_std": 27.547734550242428, "fitness_best": -2.584106683731079, "fitness_best_val": -2.584106683731079, "n_neurons_best": 2, "n_conns_best": 35, "pop_size": 300, "n_species": 1, "time_elapsed": 100.2984368801117, "time_elapsed_avg": 86.99766558408737, "n_extinctions": 0}
{"generation": 4, "fitness_avg": -31.237405443191527, "fitness_std": 25.465810037922616, "fitness_best": 0.41286373138427734, "fitness_best_val": 0.41286373138427734, "n_neurons_best": 2, "n_conns_best": 34, "pop_size": 300, "n_species": 1, "time_elapsed": 100.58632206916809, "time_elapsed_avg": 89.71539688110352, "n_extinctions": 0}
{"generation": 5, "fitness_avg": -27.777975301543872, "fitness_std": 24.55594732394632, "fitness_best": 2.1554059982299805, "fitness_best_val": 2.1554059982299805, "n_neurons_best": 5, "n_conns_best": 38, "pop_size": 300, "n_species": 1, "time_elapsed": 102.55293869972229, "time_elapsed_avg": 91.85498718420665, "n_extinctions": 0}
{"generation": 6, "fitness_avg": -19.898217058032753, "fitness_std": 21.295682703979168, "fitness_best": 0.865818202495575, "fitness_best_val": 0.865818202495575, "n_neurons_best": 5, "n_conns_best": 38, "pop_size": 300, "n_species": 1, "time_elapsed": 102.22097110748291, "time_elapsed_avg": 93.33584203038897, "n_extinctions": 0}
{"generation": 7, "fitness_avg": -15.487118388662736, "fitness_std": 18.9307850160147, "fitness_best": 1.7388731241226196, "fitness_best_val": 1.7388731241226196, "n_neurons_best": 5, "n_conns_best": 38, "pop_size": 300, "n_species": 1, "time_elapsed": 104.65948104858398, "time_elapsed_avg": 94.75129690766335, "n_extinctions": 0}
{"generation": 8, "fitness_avg": -16.52745555539926, "fitness_std": 20.753873765905862, "fitness_best": 2.1884732246398926, "fitness_best_val": 2.1884732246398926, "n_neurons_best": 4, "n_conns_best": 37, "pop_size": 300, "n_species": 1, "time_elapsed": 106.77254176139832, "time_elapsed_avg": 96.08699078030057, "n_extinctions": 0}
{"generation": 9, "fitness_avg": -16.19816185021152, "fitness_std": 21.018607445445014, "fitness_best": 2.9947710037231445, "fitness_best_val": 2.9947710037231445, "n_neurons_best": 5, "n_conns_best": 35, "pop_size": 300, "n_species": 1, "time_elapsed": 123.72361612319946, "time_elapsed_avg": 98.85065331459046, "n_extinctions": 0}
{"generation": 10, "fitness_avg": -13.398518047556282, "fitness_std": 19.691759442329293, "fitness_best": 3.047917604446411, "fitness_best_val": 3.047917604446411, "n_neurons_best": 5, "n_conns_best": 34, "pop_size": 300, "n_species": 1, "time_elapsed": 124.63439273834229, "time_elapsed_avg": 104.79106636047364, "n_extinctions": 0}
{"generation": 11, "fitness_avg": -14.097935305681313, "fitness_std": 21.6918824818531, "fitness_best": 3.233438730239868, "fitness_best_val": 3.233438730239868, "n_neurons_best": 5, "n_conns_best": 35, "pop_size": 300, "n_species": 1, "time_elapsed": 128.98824453353882, "time_elapsed_avg": 108.84076745510102, "n_extinctions": 0}
{"generation": 12, "fitness_avg": -12.765245100382405, "fitness_std": 20.51232285647365, "fitness_best": 3.9017269611358643, "fitness_best_val": 3.9017269611358643, "n_neurons_best": 5, "n_conns_best": 35, "pop_size": 300, "n_species": 1, "time_elapsed": 111.67960095405579, "time_elapsed_avg": 110.61165459156037, "n_extinctions": 0}
{"generation": 13, "fitness_avg": -11.733133871291454, "fitness_std": 20.71615079153095, "fitness_best": 3.199091911315918, "fitness_best_val": 3.199091911315918, "n_neurons_best": 3, "n_conns_best": 32, "pop_size": 300, "n_species": 1, "time_elapsed": 109.64574122428894, "time_elapsed_avg": 111.54638502597808, "n_extinctions": 0}
{"generation": 14, "fitness_avg": -8.412275262226661, "fitness_std": 17.160991661526584, "fitness_best": 3.553326368331909, "fitness_best_val": 3.553326368331909, "n_neurons_best": 6, "n_conns_best": 34, "pop_size": 300, "n_species": 1, "time_elapsed": 109.00914669036865, "time_elapsed_avg": 112.38866748809815, "n_extinctions": 0}
{"generation": 15, "fitness_avg": -11.058158391298106, "fitness_std": 20.71382119097741, "fitness_best": 3.857877254486084, "fitness_best_val": 3.857877254486084, "n_neurons_best": 4, "n_conns_best": 33, "pop_size": 300, "n_species": 1, "time_elapsed": 110.78310012817383, "time_elapsed_avg": 113.2116836309433, "n_extinctions": 0}
{"generation": 16, "fitness_avg": -8.547647669265668, "fitness_std": 18.556403845663766, "fitness_best": 4.034675121307373, "fitness_best_val": 4.034675121307373, "n_neurons_best": 3, "n_conns_best": 33, "pop_size": 300, "n_species": 1, "time_elapsed": 111.5798454284668, "time_elapsed_avg": 114.14757106304168, "n_extinctions": 0}
{"generation": 17, "fitness_avg": -10.058780920505523, "fitness_std": 20.311745913446764, "fitness_best": 4.239361763000488, "fitness_best_val": 4.239361763000488, "n_neurons_best": 3, "n_conns_best": 26, "pop_size": 300, "n_species": 1, "time_elapsed": 111.01986169815063, "time_elapsed_avg": 114.78360912799835, "n_extinctions": 0}
{"generation": 18, "fitness_avg": -8.733766375527097, "fitness_std": 19.384411328283836, "fitness_best": 4.267373561859131, "fitness_best_val": 4.267373561859131, "n_neurons_best": 3, "n_conns_best": 26, "pop_size": 300, "n_species": 1, "time_elapsed": 111.28064441680908, "time_elapsed_avg": 115.23441939353943, "n_extinctions": 0}
{"generation": 19, "fitness_avg": -10.136315981826435, "fitness_std": 20.84212820056258, "fitness_best": 4.2436017990112305, "fitness_best_val": 4.2436017990112305, "n_neurons_best": 4, "n_conns_best": 33, "pop_size": 300, "n_species": 1, "time_elapsed": 112.08929681777954, "time_elapsed_avg": 114.07098746299744, "n_extinctions": 0}
{"generation": 20, "fitness_avg": -8.62657504630275, "fitness_std": 20.533996279169394, "fitness_best": 4.7484002113342285, "fitness_best_val": 4.7484002113342285, "n_neurons_best": 4, "n_conns_best": 27, "pop_size": 300, "n_species": 1, "time_elapsed": 111.41091918945312, "time_elapsed_avg": 112.74864010810852, "n_extinctions": 0}
{"generation": 21, "fitness_avg": -9.312734364159406, "fitness_std": 20.237376278854722, "fitness_best": 4.0939249992370605, "fitness_best_val": 4.0939249992370605, "n_neurons_best": 3, "n_conns_best": 31, "pop_size": 300, "n_species": 1, "time_elapsed": 111.35409617424011, "time_elapsed_avg": 110.98522527217865, "n_extinctions": 0}
{"generation": 22, "fitness_avg": -8.841721234600215, "fitness_std": 19.556727857900704, "fitness_best": 4.717358589172363, "fitness_best_val": 4.717358589172363, "n_neurons_best": 8, "n_conns_best": 34, "pop_size": 300, "n_species": 1, "time_elapsed": 111.84719443321228, "time_elapsed_avg": 111.0019846200943, "n_extinctions": 0}
{"generation": 23, "fitness_avg": -6.752398372755075, "fitness_std": 18.12633945117816, "fitness_best": 4.597276210784912, "fitness_best_val": 4.597276210784912, "n_neurons_best": 7, "n_conns_best": 34, "pop_size": 300, "n_species": 1, "time_elapsed": 112.37444996833801, "time_elapsed_avg": 111.2748554944992,