{"generation": 0, "fitness_avg": -0.0565739575853028, "fitness_std": 0.18121794153965168, "fitness_best": 0.4958483874797821, "fitness_best_val": 0.4958483874797821, "n_neurons_best": 6, "n_conns_best": 42, "pop_size": 300, "n_species": 1, "time_elapsed": 737.5390660762787, "time_elapsed_avg": 737.5390660762787, "n_extinctions": 0}
{"generation": 1, "fitness_avg": -0.05941421695730242, "fitness_std": 0.18640020448522054, "fitness_best": 0.40074944496154785, "fitness_best_val": 0.40074944496154785, "n_neurons_best": 6, "n_conns_best": 41, "pop_size": 300, "n_species": 1, "time_elapsed": 733.5980389118195, "time_elapsed_avg": 735.5685524940491, "n_extinctions": 0}
{"generation": 2, "fitness_avg": -0.04990254053189953, "fitness_std": 0.1546279693076711, "fitness_best": 0.29088905453681946, "fitness_best_val": 0.29088905453681946, "n_neurons_best": 6, "n_conns_best": 42, "pop_size": 300, "n_species": 1, "time_elapsed": 663.8748295307159, "time_elapsed_avg": 663.8748295307159, "n_extinctions": 0}
{"generation": 3, "fitness_avg": -0.0530011308460477, "fitness_std": 0.15402482863920655, "fitness_best": 0.6511735916137695, "fitness_best_val": 0.6511735916137695, "n_neurons_best": 6, "n_conns_best": 42, "pop_size": 300, "n_species": 1, "time_elapsed": 661.6407158374786, "time_elapsed_avg": 662.7577726840973, "n_extinctions": 0}
{"generation": 4, "fitness_avg": -0.04213975237713991, "fitness_std": 0.1272138921597577, "fitness_best": 0.6547266840934753, "fitness_best_val": 0.6547266840934753, "n_neurons_best": 6, "n_conns_best": 41, "pop_size": 300, "n_species": 1, "time_elapsed": 655.2093605995178, "time_elapsed_avg": 660.2416353225708, "n_extinctions": 0}
{"generation": 5, "fitness_avg": -0.04556538237952433, "fitness_std": 0.13662383992230626, "fitness_best": 0.6913248896598816, "fitness_best_val": 0.6913248896598816, "n_neurons_best": 6, "n_conns_best": 41, "pop_size": 300, "n_species": 1, "time_elapsed": 653.0683155059814, "time_elapsed_avg": 658.4483053684235, "n_extinctions": 0}
{"generation": 6, "fitness_avg": -0.04770316835454044, "fitness_std": 0.1902016640449883, "fitness_best": 0.35791149735450745, "fitness_best_val": 0.35791149735450745, "n_neurons_best": 7, "n_conns_best": 42, "pop_size": 300, "n_species": 1, "time_elapsed": 650.1239223480225, "time_elapsed_avg": 656.7834287643433, "n_extinctions": 0}
{"generation": 7, "fitness_avg": -0.039538026698792236, "fitness_std": 0.18127078821871026, "fitness_best": 0.6551969647407532, "fitness_best_val": 0.6551969647407532, "n_neurons_best": 6, "n_conns_best": 39, "pop_size": 300, "n_species": 1, "time_elapsed": 651.6702075004578, "time_elapsed_avg": 655.9312252203623, "n_extinctions": 0}
{"generation": 8, "fitness_avg": -0.031555732914882055, "fitness_std": 0.0961430746343248, "fitness_best": 0.16460482776165009, "fitness_best_val": 0.16460482776165009, "n_neurons_best": 6, "n_conns_best": 40, "pop_size": 300, "n_species": 1, "time_elapsed": 658.7995939254761, "time_elapsed_avg": 656.3409921782358, "n_extinctions": 0}
{"generation": 9, "fitness_avg": -0.030113440859131514, "fitness_std": 0.11784494590909923, "fitness_best": 0.23862573504447937, "fitness_best_val": 0.23862573504447937, "n_neurons_best": 6, "n_conns_best": 37, "pop_size": 300, "n_species": 1, "time_elapsed": 654.9969823360443, "time_elapsed_avg": 656.1729909479618, "n_extinctions": 0}
{"generation": 10, "fitness_avg": -0.03471373656250459, "fitness_std": 0.16201918062722437, "fitness_best": 0.3757120966911316, "fitness_best_val": 0.3757120966911316, "n_neurons_best": 6, "n_conns_best": 39, "pop_size": 300, "n_species": 1, "time_elapsed": 649.7529034614563, "time_elapsed_avg": 655.4596478939056, "n_extinctions": 0}
{"generation": 11, "fitness_avg": -0.028428023758873072, "fitness_std": 0.12908277339493862, "fitness_best": 0.2894521951675415, "fitness_best_val": 0.2894521951675415, "n_neurons_best": 6, "n_conns_best": 38, "pop_size": 300, "n_species": 1, "time_elapsed": 651.9005506038666, "time_elapsed_avg": 655.1037381649018, "n_extinctions": 0}
{"generation": 12, "fitness_avg": -0.018503850750882216, "fitness_std": 0.09039851790200619, "fitness_best": 0.508511483669281, "fitness_best_val": 0.508511483669281, "n_neurons_best": 6, "n_conns_best": 37, "pop_size": 300, "n_species": 1, "time_elapsed": 650.0269186496735, "time_elapsed_avg": 653.7189470767975, "n_extinctions": 0}
{"generation": 13, "fitness_avg": -0.020889291282219346, "fitness_std": 0.12332133783044769, "fitness_best": 0.15568044781684875, "fitness_best_val": 0.15568044781684875, "n_neurons_best": 6, "n_conns_best": 34, "pop_size": 300, "n_species": 1, "time_elapsed": 650.0326478481293, "time_elapsed_avg": 652.5581402778625, "n_extinctions": 0}
{"generation": 14, "fitness_avg": -0.013455074495274555, "fitness_std": 0.0725651787669487, "fitness_best": 0.23376624286174774, "fitness_best_val": 0.23376624286174774, "n_neurons_best": 7, "n_conns_best": 36, "pop_size": 300, "n_species": 1, "time_elapsed": 635.7821252346039, "time_elapsed_avg": 650.6154167413712, "n_extinctions": 0}
{"generation": 15, "fitness_avg": -0.01723970774430806, "fitness_std": 0.10219952113643443, "fitness_best": 0.6712706685066223, "fitness_best_val": 0.6712706685066223, "n_neurons_best": 6, "n_conns_best": 39, "pop_size": 300, "n_species": 1, "time_elapsed": 628.1807534694672, "time_elapsed_avg": 648.1266605377198, "n_extinctions": 0}
{"generation": 16, "fitness_avg": -0.012703740740107605, "fitness_std": 0.0733166361119176, "fitness_best": 0.29623058438301086, "fitness_best_val": 0.29623058438301086, "n_neurons_best": 7, "n_conns_best": 37, "pop_size": 300, "n_species": 1, "time_elapsed": 628.3471784591675, "time_elapsed_avg": 645.9489861488343, "n_extinctions": 0}
{"generation": 17, "fitness_avg": -0.024820579992059114, "fitness_std": 0.27163971862378355, "fitness_best": 0.9743330478668213, "fitness_best_val": 0.9743330478668213, "n_neurons_best": 8, "n_conns_best": 39, "pop_size": 300, "n_species": 1, "time_elapsed": 632.79802775383, "time_elapsed_avg": 644.0617681741714, "n_extinctions": 0}
{"generation": 18, "fitness_avg": -0.016898327213226972, "fitness_std": 0.08829380560454024, "fitness_best": 0.15218862891197205, "fitness_best_val": 0.15218862891197205, "n_neurons_best": 6, "n_conns_best": 38, "pop_size": 300, "n_species": 1, "time_elapsed": 637.1542663574219, "time_elapsed_avg": 641.897235417366, "n_extinctions": 0}
{"generation": 19, "fitness_avg": -0.03707978024685872, "fitness_std": 0.2651779937445581, "fitness_best": 0.5729566812515259, "fitness_best_val": 0.5729566812515259, "n_neurons_best": 6, "n_conns_best": 36, "pop_size": 300, "n_species": 1, "time_elapsed": 638.2871768474579, "time_elapsed_avg": 640.2262548685073, "n_extinctions": 0}
{"generation": 20, "fitness_avg": -0.005698348951372433, "fitness_std": 0.08641740608564377, "fitness_best": 0.26497387886047363, "fitness_best_val": 0.26497387886047363, "n_neurons_best": 7, "n_conns_best": 36, "pop_size": 300, "n_species": 1, "time_elapsed": 637.8736665248871, "time_elapsed_avg": 639.0383311748504, "n_extinctions": 0}
{"generation": 21, "fitness_avg": -0.002510378575389041, "fitness_std": 0.040249579395399165, "fitness_best": 0.12316539138555527, "fitness_best_val": 0.12316539138555527, "n_neurons_best": 6, "n_conns_best": 34, "pop_size": 300, "n_species": 1, "time_elapsed": 633.9545614719391, "time_elapsed_avg": 637.2437322616577, "n_extinctions": 0}
{"generation": 22, "fitness_avg": -0.006616910489174188, "fitness_std": 0.03916853269046723, "fitness_best": 0.0777943953871727, "fitness_best_val": 0.0777943953871727, "n_neurons_best": 7, "n_conns_best": 40, "pop_size": 300, "n_species": 2, "time_elapsed": 641.3676919937134, "time_elapsed_avg": 636.3778095960618, "n_extinctions": 0}
{"generation": 23, "fitness_avg": -0.012283238585660002, "fitness_std": 0.10033362234403387, "fitness_best": 0.4028306007385254, "fitness_best_val": 0.4028306007385254, "n_neurons_best": 7, "n_conns_best": 34, "pop_size": 300, "n_species": 2,